model,train_mse,test_mse,train_r2,train_adj_r2,test_r2,test_adj_r2
random_forest,79.37556409729824,118.09594267965362,0.7413778864811167,0.7412073195472213,0.5138912845138772,0.5126220711575166
