model,train_mse,test_mse,train_r2,train_adj_r2,test_r2,test_adj_r2
random_forest,79.41745599841788,117.9936386615651,0.7412413939455342,0.7410707369918297,0.5143123902156794,0.5130442763520128
