model,train_mse,test_mse,train_r2,train_adj_r2,test_r2,test_adj_r2
random_forest,86.11856514485325,119.09449025035083,0.7194077852010667,0.7192227285054038,0.5097810444334014,0.5085010993797028
