predictor,statistic,p_value
Economic Need Index,0.2331670452864028,1.1382741681454515e-48
% Poverty,0.09744338619485664,6.773635443861313e-10
% English Language Learners,0.06366326644674337,1.8142284590969644e-4
% Students with Disabilities,0.04425478433587629,0.022269018122842845
