predictor,statistic,p_value
Economic Need Index,0.24065172371268348,5.389519845695729e-39
% Poverty,0.12865483647373427,1.8948141519181594e-11
% English Language Learners,0.025322651289967923,0.7092553569822462
% Students with Disabilities,0.03375219530449338,0.3467647711518531
