model,train_mse,test_mse,r_squared,adj_r_squared
linear,111.9685932525297,112.91083939146422,0.5070087032829845,0.506577389812541
