model,train_mse,test_mse,r_squared,adj_r_squared
linear,114.51008713707215,112.91083939146422,0.5127299908024654,0.5123305072942075
