model,train_mse,test_mse,r_squared,adj_r_squared
linear,111.9685932525297,121.56962399014792,0.5070087032829845,0.506577389812541
