model,train_mse,test_mse,train_r2,train_adj_r2,test_r2,test_adj_r2
linear,114.51008713707215,112.91083939146422,0.5127299908024654,0.5123305072942075,0.4908555097768521,0.48918206856001345
