model,train_mse,test_mse,train_r2,train_adj_r2,test_r2,test_adj_r2
linear,114.4417872365662,113.68598378884401,0.5067010961576014,0.5062965870113592,0.5134547803229745,0.5118569306688627
