model,train_mse,test_mse,r_squared,adj_r_squared
linear,114.4417872365662,113.68598378884401,0.5067010961576014,0.5062965870113592
