model,split,mse,rmse,r2,adj_r2
poly_9,test,132.4653084544731,11.509357430129326,0.45474383388472706,0.45045047824602413
