model,train_mse,test_mse,train_r2,train_adj_r2,test_r2,test_adj_r2
linear,111.9685932525297,121.56962399014792,0.5070087032829845,0.506577389812541,0.4995928529036314,0.49828630682766173
